class_weight,dropout_rate,l2_alpha,number_of_hidden1_layers,number_of_hidden2_layers,sgd_learnrate,accuracy_tr,accuracy_val,log_accuracy_tr,log_accuracy_val
[0.6301729  2.42052265],0.1,0.0,60,70,0.002,0.9991686940193176,0.9988927245140076,7.092512623079993,6.805852798047283
,0.1,0.0,60,70,0.002,0.9992087483406067,0.9988773226737976,7.141894487328548,6.792038976479362
[0.6301729  2.42052265],0.1,0.0,40,70,0.002,0.9989941716194153,0.9988281011581421,6.901943817697957,6.7491299039604105
,0.1,0.0,60,0,0.002,0.9987419843673706,0.9988250374794007,6.678219694207652,6.746519029257008
,0.1,0.0,40,70,0.002,0.9989965558052063,0.9987481355667114,6.904317001843513,6.683121292287858
[0.6301729  2.42052265],0.1,0.0,40,0,0.002,0.9986373782157898,0.9987388968467712,6.598344652514716,6.675768422625899
,0.1,0.0,40,0,0.002,0.9986820220947266,0.9986650705337524,6.6316566068712905,6.618876822797178
[0.6301729  2.42052265],0.1,0.0,60,0,0.002,0.9987611770629883,0.9986558556556702,6.6935935945283065,6.611997643593109
