class_weight,dropout_rate,l2_alpha,number_of_hidden1_layers,number_of_hidden2_layers,sgd_learnrate,accuracy_tr,accuracy_val,log_accuracy_tr,log_accuracy_val
,0.1,0.0,60,70,0.002,0.999276340007782,0.9991519689559937,7.231188899894712,7.07259331434442
,0.1,0.0,40,70,0.002,0.9991423487663269,0.9990325093269348,7.061313028675269,6.940804773349461
[ 0.50285418 88.09083192],0.1,0.0,60,70,0.002,0.9992319941520691,0.9990324974060059,7.171713210352222,6.940792451933037
[ 0.50285418 88.09083192],0.1,0.0,40,70,0.002,0.9991655349731445,0.9989130139350891,7.088719724841292,6.824346490694451
[ 0.50285418 88.09083192],0.1,0.0,60,0,0.002,0.9990277290344238,0.9989014267921448,6.935876021184396,6.8137430248870645
,0.1,0.0,60,0,0.002,0.9990237951278687,0.998870587348938,6.931838083608554,6.786057559210416
[ 0.50285418 88.09083192],0.1,0.0,40,0,0.002,0.9989930391311646,0.9988359093666077,6.900818525151245,6.755815068965034
,0.1,0.0,40,0,0.002,0.9990006685256958,0.9987626671791077,6.908424028240884,6.694797166875893
