class_weight,dropout_rate,l2_alpha,number_of_hidden1_layers,number_of_hidden2_layers,sgd_learnrate,accuracy_tr,accuracy_val,log_accuracy_tr,log_accuracy_val
,0.1,0.0,40,80,0.001,0.9984138607978821,0.9981271862983704,6.446452390315861,6.2803133256942925
[ 0.50713542 35.53650255],0.1,0.0,40,40,0.001,0.9983804821968079,0.9978978633880615,6.4256268263956295,6.1648010172317695
,0.1,0.0,40,40,0.001,0.9983206987380981,0.9978883028030395,6.389377487618435,6.160263296068255
[ 0.50713542 35.53650255],0.1,0.0,40,80,0.001,0.9983780980110168,0.9977163195610046,6.42415575114229,6.081966909851258
