class_weight,dropout_rate,l2_alpha,number_of_hidden1_layers,number_of_hidden2_layers,sgd_learnrate,accuracy_tr,accuracy_val,log_accuracy_tr,log_accuracy_val
[ 0.50285418 88.09083192],0.1,0.0,60,70,0.002,0.9992445111274719,0.9990363597869873,7.188145504979303,6.944792556034695
,0.1,0.0,40,70,0.002,0.9991548657417297,0.9989785313606262,7.076015057701129,6.88651384474194
[ 0.50285418 88.09083192],0.1,0.0,40,70,0.002,0.9991510510444641,0.9989631175994873,7.071511496504101,6.871536759721159
,0.1,0.0,60,70,0.002,0.9992281198501587,0.9989322662353516,7.166681266311004,6.842216853557629
,0.1,0.0,60,0,0.002,0.9990479350090027,0.998870587348938,6.956877257648731,6.786057559210416
[ 0.50285418 88.09083192],0.1,0.0,60,0,0.002,0.9990497827529907,0.9988436102867126,6.958819918450819,6.762452443323985
,0.1,0.0,40,0,0.002,0.9989438056945801,0.9988089203834534,6.853083109279615,6.732895142357398
[ 0.50285418 88.09083192],0.1,0.0,40,0,0.002,0.9989717602729797,0.9987665176391601,6.879906941644943,6.6979139221863955
