class_weight,dropout_rate,l2_alpha,number_of_hidden1_layers,number_of_hidden2_layers,sgd_learnrate,accuracy_tr,accuracy_val,log_accuracy_tr,log_accuracy_val
[ 0.50285418 88.09083192],0.1,0.0,60,70,0.002,0.9992531538009644,0.9990093588829041,7.1996512855485735,6.917158231407353
,0.1,0.0,60,70,0.002,0.9992868304252625,0.9989708304405213,7.245791333096213,6.879003054870559
[ 0.50285418 88.09083192],0.1,0.0,40,70,0.002,0.999189555644989,0.9989168524742127,7.117927874283001,6.8278841006767905
,0.1,0.0,60,0,0.002,0.999001681804657,0.998855185508728,6.909438499460217,6.772512671458319
,0.1,0.0,40,70,0.002,0.9991837739944458,0.9988436222076416,7.110819273757679,6.762462752124054
[ 0.50285418 88.09083192],0.1,0.0,60,0,0.002,0.9989949464797974,0.9988243341445923,6.902714484956067,6.7459206064381885
,0.1,0.0,40,0,0.002,0.9989245533943176,0.9988166332244873,6.835019256530389,6.739391703565632
[ 0.50285418 88.09083192],0.1,0.0,40,0,0.002,0.998925507068634,0.9987935066223145,6.8359064204366495,6.720037161778301
