class_weight,dropout_rate,l2_alpha,number_of_hidden1_layers,number_of_hidden2_layers,sgd_learnrate,accuracy_tr,accuracy_val,log_accuracy_tr,log_accuracy_val
[ 0.50285418 88.09083192],0.1,0.0,60,70,0.002,0.9993139505386353,0.9990324974060059,7.284560831722759,6.940792451933037
,0.1,0.0,60,70,0.002,0.9993206262588501,0.999001657962799,7.294339153043743,6.909414617722558
[ 0.50285418 88.09083192],0.1,0.0,40,70,0.002,0.9992252588272095,0.9989862322807312,7.162981554984393,6.894081473753986
,0.1,0.0,40,70,0.002,0.9991981387138367,0.9989669561386109,7.128574924953145,6.8752456295435875
[ 0.50285418 88.09083192],0.1,0.0,60,0,0.002,0.9990816116333008,0.9988821744918823,6.99289019940078,6.796369991459117
,0.1,0.0,40,0,0.002,0.9990296363830566,0.9988628983497619,6.9378396938821565,6.77927266606558
,0.1,0.0,60,0,0.002,0.999069094657898,0.9988551735877991,6.979352959216067,6.7725022585338355
[ 0.50285418 88.09083192],0.1,0.0,40,0,0.002,0.9990450143814087,0.9988474607467651,6.953814276663626,6.765787724467498
