class_weight,dropout_rate,l2_alpha,number_of_hidden1_layers,number_of_hidden2_layers,sgd_learnrate,accuracy_tr,accuracy_val,log_accuracy_tr,log_accuracy_val
[ 0.50285418 88.09083192],0.1,0.0,40,70,0.002,0.9991933703422546,0.999163556098938,7.122645907362182,7.086351103669163
,0.1,0.0,60,70,0.002,0.9992599487304688,0.9991596817970276,7.208791091015687,7.081729924796126
,0.1,0.0,40,70,0.002,0.999189555644989,0.9990633249282836,7.117927874283001,6.973174110982198
[ 0.50285418 88.09083192],0.1,0.0,60,70,0.002,0.9992194175720215,0.9990170717239379,7.155470214387717,6.9249744048107145
,0.1,0.0,60,0,0.002,0.9990710020065308,0.998855185508728,6.981403979035181,6.772512671458319
[ 0.50285418 88.09083192],0.1,0.0,60,0,0.002,0.9990276098251343,0.9988435983657837,6.935753419578162,6.762442134630186
,0.1,0.0,40,0,0.002,0.9989708065986633,0.9988089084625245,6.878979889026257,6.7328851339002895
[ 0.50285418 88.09083192],0.1,0.0,40,0,0.002,0.9989900588989258,0.998716413974762,6.8978632655975,6.658097535950477
