class_weight,dropout_rate,l2_alpha,number_of_hidden1_layers,number_of_hidden2_layers,sgd_learnrate,accuracy_tr,accuracy_val,log_accuracy_tr,log_accuracy_val
,0.1,0.0,60,70,0.002,0.9992396235466003,0.9990517616271972,7.181696913900398,6.960904639212831
[ 0.50285418 88.09083192],0.1,0.0,40,70,0.002,0.999195396900177,0.9990324974060059,7.12516144582986,6.940792451933037
[ 0.50285418 88.09083192],0.1,0.0,60,70,0.002,0.999249279499054,0.9990093588829041,7.194477144651977,6.917158231407353
,0.1,0.0,40,70,0.002,0.9992002248764038,0.9989476799964905,7.131179965315854,6.856758025076201
,0.1,0.0,60,0,0.002,0.9989813566207886,0.9988590359687806,6.889283557329051,6.775881732508432
[ 0.50285418 88.09083192],0.1,0.0,60,0,0.002,0.9989525079727173,0.9988320589065551,6.861356517382899,6.752512829542385
,0.1,0.0,40,0,0.002,0.9988946914672852,0.9987858057022094,6.8076307678591546,6.713674551547645
[ 0.50285418 88.09083192],0.1,0.0,40,0,0.002,0.9989033937454224,0.998781943321228,6.815535091401585,6.7104985764815925
