class_weight,dropout_rate,l2_alpha,number_of_hidden1_layers,number_of_hidden2_layers,sgd_learnrate,accuracy_tr,accuracy_val,log_accuracy_tr,log_accuracy_val
[ 0.50285418 88.09083192],0.1,0.0,40,70,0.002,0.9992367625236511,0.9990440607070923,7.177941334805062,6.952816148071713
[ 0.50285418 88.09083192],0.1,0.0,60,70,0.002,0.9992898106575012,0.9990209341049194,7.249978943905845,6.92891160913855
,0.1,0.0,40,70,0.002,0.9992252588272095,0.9990093827247619,7.162981554984393,6.917182298795953
,0.1,0.0,60,70,0.002,0.999262809753418,0.9989901065826416,7.212664562611484,6.89791048106534
[ 0.50285418 88.09083192],0.1,0.0,60,0,0.002,0.9990777969360352,0.9989245653152465,6.988745115745612,6.835030341222941
,0.1,0.0,60,0,0.002,0.9990700483322144,0.9989168524742127,6.980377943290429,6.8278841006767905
[ 0.50285418 88.09083192],0.1,0.0,40,0,0.002,0.9990363121032715,0.9988783001899719,6.94474307435523,6.7929100566738345
,0.1,0.0,40,0,0.002,0.9989959001541138,0.9988513231277466,6.903663814563378,6.769144544859605
