class_weight,dropout_rate,l2_alpha,number_of_hidden1_layers,number_of_hidden2_layers,sgd_learnrate,accuracy_tr,accuracy_val,log_accuracy_tr,log_accuracy_val
,0.1,0.0,40,80,0.001,0.9982274770736694,0.9979743003845215,6.335351365181519,6.2018401489660775
,0.1,0.0,40,40,0.001,0.9981247186660767,0.9979074120521545,6.278996586056238,6.169353726450187
[ 0.50713542 35.53650255],0.1,0.0,40,80,0.001,0.9981701970100403,0.9978691816329956,6.303546973683822,6.1512491631893145
[ 0.50713542 35.53650255],0.1,0.0,40,40,0.001,0.9981271624565125,0.9978500843048096,6.280300595273667,6.142326649150704
