class_weight,max_depth,n_estimators,accuracy_tr,accuracy_val,log_accuracy_tr,log_accuracy_val
,18.0,128,0.9999402797891876,0.9995222454464019,9.725840055286907,7.646413443548428
,22.0,128,0.999985069947297,0.9994028068080024,11.112134416410516,7.423269892234311
,24.0,128,0.999985069947297,0.9994028068080024,11.112134416410516,7.423269892234311
,,128,0.999985069947297,0.9994028068080024,11.112134416410516,7.423269892234311
,20.0,128,0.9999552098418908,0.9992833681696028,10.013522127739929,7.2409483354402635
